MSME_ID,Sector,Years_of_Operation,Ownership_Type,Category,Location_Type,Annual_Revenue,Revenue_Growth_Rate,Profit_Margin,Debt_Outstanding,Loan_to_Revenue_Ratio,Number_of_Employees,Capacity_Utilization,Export_Percentage,Technology_Level,GST_Compliance_Score,Inspection_Score,Documentation_Readiness_Score,Growth_Category
MSME_001,Renewable Energy,11,Pvt Ltd,Medium,Semi-Urban,44,16.194583018099877,29.3708663195278,112,0.39155310233271534,26,84.07413955305947,2.8600635921592,3,64,67,55,High
MSME_002,Technology,17,Pvt Ltd,Medium,Semi-Urban,454,12.1754285390554,14.280177347249957,37,0.6755259207714963,43,77.08423631035745,70.38456923373825,2,55,81,55,Moderate
MSME_003,Agri-Tech,8,Sole Proprietorship,Micro,Semi-Urban,102,21.132851604782708,15.722171971525965,63,0.6952436007839268,24,40.31452197484341,21.606366643880985,3,73,80,97,Moderate
MSME_004,Renewable Energy,4,Sole Proprietorship,Medium,Urban,216,17.400860171081124,26.119735907150535,68,0.24839583828906067,45,65.62041642727186,12.987828064944273,5,68,94,47,High
MSME_005,Retail,6,Partnership,Micro,Urban,362,3.608426931316985,11.703475502387835,135,0.56014743751909,112,71.41392642422986,10.413118636227194,4,58,75,68,Moderate
MSME_006,Textiles,8,Partnership,Micro,Urban,341,16.723869148047818,8.9095451100862,161,0.4305972629140873,88,56.72166498463998,2.45250107557336,1,62,99,78,Low
MSME_007,Agri-Tech,3,Pvt Ltd,Micro,Urban,734,8.236391039504252,26.32724058509126,175,0.7161097165450396,115,57.495744579690964,47.12278366993076,4,58,45,67,High
MSME_008,Agri-Tech,16,Pvt Ltd,Small,Semi-Urban,168,15.634675808028721,6.162514661001637,115,0.2510184754235179,70,92.86376786405908,19.643388542435652,3,64,55,45,Moderate
MSME_009,Renewable Energy,3,Pvt Ltd,Micro,Rural,33,17.643034415379383,20.492486004985395,183,0.574469240217031,57,89.04409758615103,89.04885892016684,3,55,73,55,High
MSME_010,Services,18,Partnership,Micro,Urban,413,7.309071350542277,19.04982118667017,64,0.5254264855769059,38,86.70484530259372,51.69930802849852,4,93,62,59,Moderate
MSME_011,Retail,14,Partnership,Small,Rural,525,12.50774883224848,13.648011187542357,30,0.306711034300283,71,62.33064909383609,12.409674242040937,3,90,89,55,Moderate
MSME_012,Renewable Energy,18,Partnership,Micro,Urban,741,6.377471844838559,12.879738027433975,131,0.19562063255582085,138,40.7534202724903,61.98862867302288,2,48,81,46,Moderate
MSME_013,Retail,2,Partnership,Medium,Urban,373,3.203794143089691,24.296443154540533,112,0.5561478323340936,31,44.41222355506427,80.79692098587527,2,40,63,80,Moderate
MSME_014,Retail,3,Partnership,Medium,Rural,391,10.704957740174988,7.160615269063662,108,0.6170182206926315,14,57.1708002519682,67.06615458326529,3,81,95,53,Moderate
MSME_015,Textiles,16,Partnership,Micro,Semi-Urban,541,10.347718252457815,10.919607732784634,177,0.32093914063434503,77,40.865860214762236,6.879587493550289,3,58,88,82,Moderate
MSME_016,Agri-Tech,9,Partnership,Small,Urban,161,24.896051286197913,23.311218295952244,68,0.5513828228156197,100,40.9432380053359,80.62957630733936,2,72,52,65,High
MSME_017,Technology,4,Pvt Ltd,Medium,Urban,571,12.26610407754577,18.708014593160605,157,0.3765916353280523,52,90.41318159033261,71.45364472739683,3,73,95,65,Moderate
MSME_018,Textiles,1,Pvt Ltd,Small,Urban,698,9.67209963786061,8.199705213339659,119,0.5992448182978325,74,78.83871761654797,14.24735100950529,3,55,57,53,Moderate
MSME_019,Textiles,4,Pvt Ltd,Small,Rural,617,15.350925154483516,27.0533903570515,87,0.2394506924258372,104,56.9925794537484,4.660729985953518,4,83,93,46,High
MSME_020,Retail,1,Pvt Ltd,Medium,Semi-Urban,626,4.041650064478675,14.836196164089788,186,0.7231505018453221,63,47.29545176805242,50.15795177828777,1,79,52,72,Low
MSME_021,Pharmaceuticals,14,Partnership,Small,Rural,429,24.118311926960704,25.69670938305432,66,0.30118671752590587,6,68.13996448422924,14.043223020597921,2,94,88,65,High
MSME_022,Agri-Tech,16,Sole Proprietorship,Medium,Rural,259,16.604081048593763,24.692825388192716,74,0.357450191429307,69,40.29403884699005,75.11318573357448,4,57,76,96,High
MSME_023,Services,8,Partnership,Small,Semi-Urban,126,19.3612698586395,20.610636161793202,44,0.14066436645624486,87,91.61275591219791,32.25011910045064,1,73,82,84,Moderate
MSME_024,Textiles,7,Sole Proprietorship,Medium,Rural,521,5.920992578000103,17.362028282377324,3,0.1780585486248935,14,62.8148315663921,82.16032002629179,3,64,78,59,Moderate
MSME_025,Technology,3,Pvt Ltd,Micro,Semi-Urban,749,11.41799061911969,29.48877100954392,153,0.46110333189862973,57,62.1284225380533,50.91193549269052,3,84,81,42,High
MSME_026,Pharmaceuticals,17,Partnership,Medium,Urban,587,11.72184960811236,8.624126809495426,154,0.2873148737095801,83,61.48264841699802,16.44051458157013,4,45,56,91,Moderate
MSME_027,Pharmaceuticals,1,Pvt Ltd,Medium,Semi-Urban,344,20.901548209724996,23.12889318877787,173,0.6848361580195361,63,43.813058171327064,12.563898062382009,3,60,54,43,High
MSME_028,Services,16,Partnership,Medium,Urban,427,2.0284436344664174,9.779767536619726,106,0.1102853720584677,52,75.10772318855047,51.88251938019785,5,97,57,65,Moderate
MSME_029,Textiles,12,Pvt Ltd,Medium,Rural,783,8.919621492124866,13.45657763330871,191,0.3653658340703554,127,80.31519907955943,68.56952506761995,4,45,62,50,Moderate
MSME_030,Technology,19,Sole Proprietorship,Small,Rural,304,24.56843660991899,12.717468584329882,50,0.33614188273836487,26,77.18689686735596,70.33550829679639,1,71,93,41,Moderate
MSME_031,Agri-Tech,14,Sole Proprietorship,Micro,Urban,764,12.922390500643028,28.675899693468075,49,0.11352934164232073,104,47.61395213311668,24.818166399715313,4,80,90,53,High
MSME_032,Manufacturing,6,Sole Proprietorship,Medium,Rural,380,10.79810444561219,29.18390444470688,5,0.18705787930035717,102,71.83620924195759,18.382208302095073,2,87,69,83,Moderate
MSME_033,Technology,6,Partnership,Small,Semi-Urban,195,4.756067046405866,9.57538610586818,58,0.38954987244304473,29,71.32164662947396,1.508067404314417,4,82,97,69,Moderate
MSME_034,Services,13,Sole Proprietorship,Micro,Urban,255,24.405786458444357,5.550879007437604,124,0.44500520911321273,32,87.762593336776,61.12792360810524,3,78,73,88,High
MSME_035,Pharmaceuticals,19,Partnership,Micro,Rural,646,2.4606061862939628,23.000200991577827,142,0.3830028230784084,117,60.85202121066058,6.891143259018508,3,70,97,51,Moderate
MSME_036,Agri-Tech,8,Sole Proprietorship,Micro,Urban,277,18.955145175166592,15.449748346762108,29,0.4716563748884657,49,60.43172690126888,37.868508158933324,5,81,43,65,High
MSME_037,Technology,2,Sole Proprietorship,Micro,Semi-Urban,652,19.677795510135695,7.22100612718911,169,0.5165921724339771,72,74.01898822950021,54.15139476164665,5,49,42,83,High
MSME_038,Manufacturing,1,Partnership,Medium,Semi-Urban,246,7.604104469468933,22.093852639426064,121,0.10694667478948494,11,74.81899594247321,84.33980504277093,5,69,46,72,High
MSME_039,Manufacturing,15,Partnership,Medium,Rural,539,17.44584420309986,18.627638206517492,124,0.42486661161745276,53,65.81068750291847,28.06219232601918,1,96,95,52,Moderate
MSME_040,Retail,1,Sole Proprietorship,Small,Semi-Urban,561,4.137370320725968,29.51292055002765,36,0.7744494686213118,141,64.36826492817316,22.47949462018678,5,91,57,53,High
MSME_041,Retail,5,Partnership,Small,Urban,30,7.912087127937837,10.685237396534474,169,0.46332259609068416,87,67.17812188508356,58.87441388574886,1,57,81,63,Low
MSME_042,Renewable Energy,16,Sole Proprietorship,Small,Semi-Urban,746,20.121745730722093,15.099446908163706,123,0.5742795872212673,133,87.35749147268216,55.73151288482235,5,99,46,73,High
MSME_043,Services,19,Partnership,Micro,Urban,529,21.887782416771426,18.56364508488557,100,0.31830470054181825,142,65.36417956896506,29.889880497731212,1,63,79,83,Moderate
MSME_044,Textiles,4,Pvt Ltd,Micro,Urban,109,15.9951874911752,24.792499711333793,34,0.6417939647069338,77,91.69624855834024,83.5291651958808,4,91,45,65,High
MSME_045,Technology,3,Pvt Ltd,Medium,Semi-Urban,761,13.657283931871099,18.720966418001467,86,0.6410450373132806,50,67.72020699779793,76.03760947406695,4,48,61,60,High
MSME_046,Technology,17,Pvt Ltd,Micro,Rural,487,5.663992474236547,20.32250402154873,133,0.4649072333578973,110,92.20603812494903,20.158429127857303,3,70,97,67,Moderate
MSME_047,Textiles,17,Pvt Ltd,Micro,Semi-Urban,608,3.451507760820454,10.653676289748518,195,0.7832096762954496,36,85.80575460279917,21.522829089107088,1,54,40,87,Low
MSME_048,Renewable Energy,12,Pvt Ltd,Micro,Urban,307,4.705927654891848,26.172968202213998,17,0.1878851503338574,10,59.933722743870604,46.10703121983725,2,43,43,75,Moderate
MSME_049,Pharmaceuticals,14,Sole Proprietorship,Small,Urban,535,7.229217902210272,15.715763674261893,112,0.1118633654227067,149,87.50027817131388,69.62148915576483,3,79,85,79,Moderate
MSME_050,Pharmaceuticals,6,Pvt Ltd,Small,Semi-Urban,343,9.85851354362918,8.523990688044233,28,0.6391107482299672,78,46.05348063106133,3.9636341449617953,4,48,88,41,Moderate
MSME_051,Renewable Energy,3,Pvt Ltd,Medium,Rural,11,10.760919086752706,21.604697862635433,76,0.6650088761554178,118,90.87759464386579,62.4001638361236,1,84,91,81,Moderate
MSME_052,Pharmaceuticals,9,Pvt Ltd,Micro,Rural,384,9.96540067754708,10.402261329632687,58,0.18414506038440337,31,74.74039332955904,58.341230764388726,5,48,89,48,Moderate
MSME_053,Retail,5,Pvt Ltd,Micro,Urban,302,7.498272640537109,7.439062755982493,174,0.2859079830710243,58,42.991491168727116,20.83320863216894,2,65,82,62,Low
MSME_054,Technology,17,Partnership,Medium,Urban,562,13.723657675289058,26.549672710106808,125,0.11228665435664024,89,75.43411980079463,61.32177119172139,4,43,68,54,High
MSME_055,Renewable Energy,14,Sole Proprietorship,Micro,Rural,327,20.981580489356627,16.50405661221099,144,0.3053160275463953,131,93.58362097796159,84.61648721268743,3,56,60,52,High
MSME_056,Technology,3,Pvt Ltd,Micro,Semi-Urban,511,8.433181384844023,23.73209281739441,108,0.6411993117430701,115,43.839036003804594,4.210726047459167,1,55,65,62,Moderate
MSME_057,Textiles,1,Pvt Ltd,Small,Urban,390,23.674901439351363,12.264688995158878,21,0.4625723693988053,19,70.50782403790475,28.768684976285627,2,54,53,56,Moderate
MSME_058,Manufacturing,1,Pvt Ltd,Medium,Urban,632,22.0867432196485,24.674253372941656,67,0.3436669152178017,136,81.12868923676548,39.435904499971976,1,74,48,87,Moderate
MSME_059,Retail,3,Sole Proprietorship,Medium,Rural,23,5.720576861098521,7.798398175538258,68,0.3602175064344312,97,84.56422226847423,80.93343230322206,5,96,98,99,Moderate
MSME_060,Agri-Tech,18,Partnership,Medium,Semi-Urban,513,20.084347005413175,13.899334344871319,164,0.10094753800082772,127,62.76051059264377,86.6035301948241,3,91,86,41,High
MSME_061,Retail,10,Sole Proprietorship,Medium,Rural,240,15.215509793308632,29.451545449338212,48,0.3098603692956652,77,51.229160754253364,39.970372184669905,1,44,51,59,Moderate
MSME_062,Renewable Energy,3,Partnership,Small,Semi-Urban,93,15.031233329942626,24.849742909200152,140,0.5525211191465514,96,42.32882533248111,67.5025570927972,4,94,81,59,High
MSME_063,Agri-Tech,8,Pvt Ltd,Small,Semi-Urban,139,10.993983550338012,17.431398257867205,161,0.78193611067145,21,71.88493864034736,47.84949213880347,3,44,90,98,Moderate
MSME_064,Manufacturing,14,Pvt Ltd,Micro,Semi-Urban,752,13.526518981186223,13.494436789047127,108,0.6929425788887297,47,64.9101088647186,48.40046412672388,4,59,95,85,Moderate
MSME_065,Renewable Energy,18,Sole Proprietorship,Micro,Urban,154,11.135111880871854,26.803392500561912,85,0.1165164752518704,125,92.1809417332341,25.02895635597208,1,54,90,42,Moderate
MSME_066,Services,15,Sole Proprietorship,Micro,Rural,37,14.413850231478685,18.621193977112892,52,0.7289924232723876,45,43.333269924320035,19.526062127749157,3,57,45,94,Moderate
MSME_067,Technology,2,Partnership,Micro,Rural,75,16.442851213770624,23.96062544672778,122,0.6482388893090382,43,77.69674388953032,25.920481133163705,4,86,59,51,High
MSME_068,Manufacturing,10,Partnership,Small,Semi-Urban,172,17.50898754740811,23.8526920079041,86,0.6462632864996863,117,41.37314221660314,50.06952065313714,5,41,63,79,High
MSME_069,Technology,2,Sole Proprietorship,Medium,Urban,238,14.247067428866801,5.448641964212296,178,0.42059703130250004,115,49.42887971907985,2.62396674198801,5,68,66,41,Moderate
MSME_070,Pharmaceuticals,17,Partnership,Small,Urban,270,18.592707548560828,8.156344569815337,130,0.378603705068152,51,64.94684499575588,81.65240499207653,1,52,77,75,Moderate
MSME_071,Services,8,Sole Proprietorship,Micro,Rural,458,5.249395133336634,21.490734159868556,41,0.3120410101832348,67,65.01798435415775,14.06553385947986,3,43,47,53,Moderate
MSME_072,Services,1,Partnership,Small,Urban,433,6.875597290751486,9.040495282146786,97,0.14598640126805607,114,77.71352986135042,19.80798091842479,2,81,40,55,Low
MSME_073,Manufacturing,9,Sole Proprietorship,Medium,Urban,469,20.830905093708214,11.387333616390118,159,0.2597647544455894,73,90.06171691772661,46.64485588028817,3,84,93,58,Moderate
MSME_074,Services,11,Sole Proprietorship,Medium,Semi-Urban,685,9.41814349046755,28.66594885499018,108,0.27262254448461726,47,75.14676874032065,63.91032897035514,5,49,88,73,High
MSME_075,Agri-Tech,16,Sole Proprietorship,Small,Urban,310,2.526557974450766,19.004556459372797,50,0.4388539487971411,38,92.44443038183299,8.615614926995757,4,70,88,83,Moderate
MSME_076,Services,7,Partnership,Small,Semi-Urban,312,5.537196442364715,23.76823767498368,84,0.6232110846176858,44,88.48886019328987,28.592522779244597,2,80,63,85,Moderate
MSME_077,Technology,10,Partnership,Small,Rural,296,7.1431319934151585,18.949518469565994,173,0.43166687987856267,65,72.14748875419346,87.18071450169214,1,47,86,45,Moderate
MSME_078,Technology,3,Partnership,Micro,Urban,404,24.018426421575505,18.81284036956813,126,0.14049111461301245,66,85.8585573005355,23.610867010285112,2,42,46,52,Moderate
MSME_079,Renewable Energy,18,Sole Proprietorship,Small,Rural,19,15.179952865409534,7.353797753142448,20,0.7704528606917428,62,75.34176856779987,28.17451305568322,1,87,58,75,Low
MSME_080,Technology,13,Partnership,Small,Rural,716,23.45280703095386,13.591579815227576,43,0.7599070233658786,79,44.32068070080499,75.28486415562301,2,85,61,61,High
MSME_081,Renewable Energy,7,Partnership,Small,Urban,639,15.228757061422373,12.060772467162792,138,0.6496326802038859,20,80.73105977927304,4.519298852140973,1,48,96,57,Low
MSME_082,Technology,4,Sole Proprietorship,Medium,Urban,279,13.02515212317059,14.76820914034033,102,0.7939295310949545,86,45.21996426970404,41.81518519280738,1,69,94,51,Moderate
MSME_083,Agri-Tech,13,Pvt Ltd,Medium,Rural,601,9.21573689746421,24.958604705608206,67,0.4811376329601841,98,72.67455293133418,34.16550880065032,2,92,99,91,Moderate
MSME_084,Textiles,1,Sole Proprietorship,Micro,Urban,614,15.946531721967638,14.29831669792162,128,0.7739378451772443,52,78.64521132220258,28.492808391778603,2,50,74,98,Moderate
MSME_085,Renewable Energy,8,Partnership,Micro,Semi-Urban,787,5.201554566203186,16.292420480792067,91,0.15292352843172555,142,43.659018451597035,25.712963464028807,1,74,69,93,Low
MSME_086,Retail,14,Sole Proprietorship,Medium,Semi-Urban,370,22.66001742773224,14.934534762132913,190,0.35597652378295996,86,52.693705965959246,8.223669437436827,5,76,68,69,High
MSME_087,Pharmaceuticals,16,Pvt Ltd,Medium,Urban,266,21.074645318249527,7.33519929938239,23,0.2577668876047361,42,90.36197277439075,28.334324641648394,2,81,61,92,Moderate
MSME_088,Manufacturing,14,Sole Proprietorship,Medium,Rural,142,9.303223301164952,16.026803956269593,124,0.23708315889398904,131,73.8972970728093,3.8747162444101715,3,52,50,90,Moderate
MSME_089,Technology,12,Partnership,Small,Urban,285,23.91434313482977,9.890231826112876,140,0.19856206422487327,23,53.545731034579234,70.28674772799917,4,75,59,79,High
MSME_090,Services,19,Pvt Ltd,Small,Urban,785,20.97961765055807,9.668082394326037,110,0.5356895490961977,67,77.98738741314037,35.84050145622105,1,95,68,46,Moderate
MSME_091,Textiles,15,Partnership,Medium,Rural,692,17.325058374205913,7.350902610856659,97,0.6469252990231136,81,72.82270309789293,39.951344908792045,1,52,90,71,Moderate
MSME_092,Technology,2,Pvt Ltd,Small,Rural,522,4.80052395588132,13.916774353544119,138,0.5048088795942525,135,67.58666349548716,80.42351278051184,4,51,80,87,Moderate
MSME_093,Services,2,Pvt Ltd,Small,Semi-Urban,322,12.999382530105663,23.937047119735436,178,0.20287389671174677,106,93.6902836243446,59.22494854750987,5,76,81,58,High
MSME_094,Pharmaceuticals,19,Sole Proprietorship,Micro,Rural,585,13.64047376147527,11.911042264584902,16,0.6677866389534297,69,77.58995775741299,0.725319300790781,4,49,73,45,Moderate
MSME_095,Pharmaceuticals,17,Sole Proprietorship,Medium,Semi-Urban,293,7.348681242403742,12.808727547137838,98,0.54516829501461,124,60.64926103173519,84.88573406651565,2,99,40,59,Moderate
MSME_096,Pharmaceuticals,10,Partnership,Medium,Rural,130,3.8392040702639445,21.06686644181059,81,0.3717159942888969,95,84.00403876422774,21.34300193799401,4,95,70,66,Moderate
MSME_097,Services,6,Sole Proprietorship,Small,Urban,116,19.86464350084893,9.896020314672972,103,0.5718912068752441,12,88.65208111066534,9.685276628387296,1,48,69,92,Moderate
MSME_098,Technology,15,Sole Proprietorship,Medium,Semi-Urban,696,4.806806198861086,27.423948260588357,151,0.281933485469983,77,46.887130773425724,69.1315360542794,4,91,87,82,High
MSME_099,Pharmaceuticals,11,Pvt Ltd,Micro,Semi-Urban,213,15.668687262920818,18.00476308128886,18,0.3416345459459474,138,51.030413781489656,45.04295842800464,3,46,57,76,Moderate
MSME_100,Agri-Tech,5,Sole Proprietorship,Micro,Semi-Urban,174,23.53833099932419,16.190073508005426,164,0.7422400901923932,111,51.89248550202788,39.03935094162158,2,41,94,87,Moderate
MSME_101,Renewable Energy,1,Pvt Ltd,Micro,Urban,314,22.15041942975498,18.945504798230033,84,0.3033531539699943,93,78.01664951625972,22.45527717144676,4,93,97,46,High
MSME_102,Services,8,Pvt Ltd,Medium,Urban,506,8.388310346233006,9.150857835404887,7,0.4289917877105557,43,73.16717552793058,49.27243408760868,1,95,56,98,Low
MSME_103,Services,12,Pvt Ltd,Medium,Urban,641,21.5833186636791,20.33682846597941,27,0.7230987961772103,117,74.04453605842235,24.69461446823287,2,99,77,44,Moderate
MSME_104,Technology,12,Partnership,Medium,Urban,565,2.0076476407712565,14.07751841585026,4,0.5954049451872693,32,91.74253148292254,81.14247047583608,1,62,53,50,Low
MSME_105,Services,5,Partnership,Medium,Urban,165,2.406819621104916,27.429658524115474,144,0.14354225831529194,101,82.67513430440184,19.36840317598735,5,78,62,54,Moderate
MSME_106,Services,7,Partnership,Medium,Semi-Urban,376,15.858722768385894,9.221355166942153,100,0.20311213099527925,41,47.036530848148075,79.59196354101782,3,79,64,42,Moderate
MSME_107,Pharmaceuticals,4,Pvt Ltd,Micro,Urban,728,10.390359040324178,17.676277596636027,163,0.10548911354034178,141,59.11288953338496,50.346488315462125,5,78,54,97,High
MSME_108,Technology,6,Partnership,Small,Semi-Urban,629,10.888599346660385,19.95281573422545,117,0.5416452531604145,86,63.946650539665455,74.5639320505717,3,60,85,44,Moderate
MSME_109,Pharmaceuticals,13,Partnership,Micro,Urban,260,14.982145085614297,5.834590044659531,146,0.4133713977872928,60,61.77788738111827,64.15613962748594,4,62,95,62,Moderate
MSME_110,Renewable Energy,15,Sole Proprietorship,Medium,Rural,343,6.410996478612793,14.092328118903506,63,0.19399239563159287,89,76.81197350390335,62.70256002930737,2,68,61,92,Moderate
MSME_111,Textiles,3,Partnership,Micro,Semi-Urban,651,6.870373065306002,23.31588086752082,90,0.7705538847397394,6,89.05412067911095,29.191122692555016,4,53,42,76,Moderate
MSME_112,Renewable Energy,8,Partnership,Medium,Rural,520,13.145836501433887,25.509437686224334,116,0.4707618067619339,62,56.83283049375334,21.050723832498313,3,65,95,48,Moderate
MSME_113,Textiles,16,Pvt Ltd,Medium,Semi-Urban,302,19.34783151990885,12.829049870432058,97,0.2693253058790225,111,70.3532425031652,18.97976049127093,3,90,94,54,Moderate
MSME_114,Pharmaceuticals,13,Pvt Ltd,Micro,Rural,29,16.248448282374518,24.964831809568782,10,0.4504224998082953,127,83.4175182052472,77.14724913536298,3,44,58,42,High
MSME_115,Renewable Energy,18,Pvt Ltd,Medium,Urban,291,8.839166109447294,29.19389692758472,53,0.5757342329145755,118,62.891993236494216,73.8384138233118,1,94,96,68,Moderate
MSME_116,Technology,10,Pvt Ltd,Small,Urban,10,11.897755082705187,26.42184840187735,172,0.15336745258149515,111,49.24649706196127,39.65161752110766,2,70,83,45,Moderate
MSME_117,Manufacturing,19,Pvt Ltd,Medium,Urban,128,5.9252894466499635,7.94109970398313,46,0.2922926705335244,41,66.12230308950615,11.916415214680914,4,64,73,56,Moderate
MSME_118,Pharmaceuticals,17,Pvt Ltd,Small,Semi-Urban,44,3.7164857297528795,23.493258302138514,139,0.6648758436187956,83,43.03723864086657,34.402702677971256,4,70,74,65,Moderate
MSME_119,Textiles,19,Partnership,Small,Rural,207,20.00200893711543,12.991670811013618,148,0.4217654092818629,96,91.83108997012522,55.740910872322026,5,89,89,60,High
MSME_120,Agri-Tech,5,Pvt Ltd,Medium,Urban,494,8.103910411328474,29.710399735301912,138,0.48260399942260646,22,44.11516628572352,40.89628390319575,3,59,40,47,Moderate
MSME_121,Textiles,9,Pvt Ltd,Micro,Rural,766,6.088626920578709,17.133974578997176,4,0.40297120154662847,102,64.1151193387818,70.21703416346955,3,83,91,60,Moderate
MSME_122,Agri-Tech,12,Sole Proprietorship,Small,Rural,68,17.907215278094345,8.060847458973527,183,0.1307299598501036,67,69.14346935986894,89.7860540026247,3,94,60,96,High
MSME_123,Services,1,Partnership,Micro,Urban,170,16.21518850860528,23.12963870068477,19,0.21602484587410917,143,94.1917107758007,17.201887960400715,4,56,68,50,High
MSME_124,Renewable Energy,1,Partnership,Small,Urban,700,16.563361398309674,13.075279959655346,168,0.4118791471193237,8,49.13120030035734,41.36857376936152,5,84,45,77,High
MSME_125,Agri-Tech,15,Partnership,Medium,Rural,215,7.264575911472113,29.92695392704154,45,0.2464298257855495,139,46.29373352367972,38.78855117287398,1,41,76,47,Moderate
MSME_126,Textiles,2,Pvt Ltd,Medium,Urban,21,7.350847386941663,29.494561446363047,11,0.13498532006177513,65,40.4788380884399,27.404327947405573,2,64,40,81,Moderate
MSME_127,Services,16,Pvt Ltd,Small,Urban,499,7.0784604850697,21.403350450514516,69,0.6905547648362766,111,48.556429027811625,17.828596504826063,1,52,90,63,Moderate
MSME_128,Manufacturing,8,Pvt Ltd,Medium,Urban,285,5.996309700232773,8.24566122379294,16,0.7868347704148811,58,51.40001384872172,5.91229048406933,4,97,40,74,Moderate
MSME_129,Technology,13,Sole Proprietorship,Small,Semi-Urban,702,17.081644468918093,22.171524941875727,114,0.6552000117977176,92,74.68195178707008,79.84073855013285,3,78,66,94,High
MSME_130,Technology,1,Pvt Ltd,Medium,Rural,251,21.504365360736234,7.3257621615006805,146,0.697649445193267,72,52.08387347152702,37.78638279176859,2,67,60,53,Moderate
MSME_131,Technology,16,Sole Proprietorship,Micro,Rural,225,18.659301802563206,5.734103977559808,153,0.2693839912219318,133,41.12864481011289,44.7205966650044,4,81,92,94,Moderate
MSME_132,Agri-Tech,7,Partnership,Medium,Semi-Urban,260,20.218153576492494,25.57396115553715,47,0.7724388828592399,59,85.46400900263689,82.52478433808243,4,94,55,53,High
MSME_133,Manufacturing,5,Pvt Ltd,Micro,Rural,135,11.310363868959595,10.243823692092034,107,0.23784799311739988,7,60.10776355521817,69.8661429764353,4,45,83,49,Moderate
MSME_134,Agri-Tech,3,Sole Proprietorship,Medium,Urban,226,17.043743293555956,14.475678155477436,51,0.7660008672532826,125,59.45331776194037,11.74511377054658,2,42,98,51,Moderate
MSME_135,Renewable Energy,12,Sole Proprietorship,Micro,Rural,315,10.147433530229815,29.33643474940433,95,0.7963735057761657,133,56.63634660423596,50.887797084696814,2,97,93,77,Moderate
MSME_136,Agri-Tech,16,Pvt Ltd,Medium,Urban,194,14.08660630527872,13.421012546527582,69,0.5982059640222341,106,93.64553024305314,39.802704886760324,5,74,79,83,High
MSME_137,Manufacturing,19,Partnership,Micro,Semi-Urban,48,13.077601470301833,12.412244532082882,182,0.7868006122542753,42,49.35634795201048,71.74899653208865,5,57,65,94,High
MSME_138,Manufacturing,5,Partnership,Small,Urban,232,6.0684043383086514,27.95519999056938,101,0.4986778456969726,89,89.40309351742793,65.18092928507544,1,50,55,85,Moderate
MSME_139,Renewable Energy,14,Partnership,Small,Rural,193,10.902811487719509,7.768711132973953,74,0.2816792482232633,137,82.72418326769383,62.136514971996476,2,93,67,73,Moderate
MSME_140,Manufacturing,5,Sole Proprietorship,Micro,Rural,504,24.167912336094073,23.989560252865793,160,0.4058971199659347,96,44.20639755246222,30.64903519319072,2,59,40,80,High
MSME_141,Textiles,15,Sole Proprietorship,Medium,Rural,436,7.7173459274436675,29.70163916631935,189,0.5154926547651503,25,94.27010058254668,72.4467357359329,2,44,75,49,Moderate
MSME_142,Manufacturing,17,Sole Proprietorship,Micro,Semi-Urban,187,5.077485934428241,27.53240026936622,150,0.1511570934189105,113,54.92512799464558,4.71521660353751,5,58,49,97,Moderate
MSME_143,Technology,14,Sole Proprietorship,Medium,Semi-Urban,437,11.62735429735051,21.29169796766065,142,0.5356402852320723,51,45.42206098623268,14.366241128895052,4,61,82,56,Moderate
MSME_144,Textiles,5,Partnership,Small,Rural,303,20.177767924783407,12.8515198748183,154,0.7868244857336062,88,85.61228287691677,30.206094568012055,3,98,56,56,Moderate
MSME_145,Textiles,12,Pvt Ltd,Medium,Urban,160,15.389409284939362,11.358049529457919,191,0.23307535484860936,87,78.8671543522735,6.912669696235315,5,99,96,42,Moderate
MSME_146,Renewable Energy,16,Sole Proprietorship,Small,Semi-Urban,393,17.662421026479624,25.481377621786528,178,0.6548165814018684,39,73.94703432328454,21.149484978122246,2,58,98,70,Moderate
MSME_147,Retail,16,Sole Proprietorship,Medium,Rural,647,6.362981508017575,26.99554784879238,180,0.7355291556457336,73,48.57894750344133,74.71358846981263,5,86,62,90,High
MSME_148,Retail,7,Partnership,Medium,Rural,317,16.235808439177596,18.135872813642322,81,0.7605911149741547,133,66.31728639407791,85.34263840110714,1,55,46,40,Moderate
MSME_149,Manufacturing,4,Pvt Ltd,Medium,Semi-Urban,345,9.440509082963896,11.108498519661653,91,0.7720949230838131,144,82.93058147879677,27.414212019677144,2,63,83,51,Moderate
MSME_150,Textiles,1,Pvt Ltd,Micro,Semi-Urban,755,21.188977416959652,7.823580210279339,178,0.4650217471050304,31,56.69931659791121,23.80642235899544,1,80,92,78,Moderate
MSME_151,Retail,5,Partnership,Micro,Semi-Urban,384,16.47387253824693,7.179486695795779,174,0.7841155355940527,60,57.142940568327276,25.190338702178423,2,43,46,43,Moderate
MSME_152,Retail,10,Partnership,Small,Urban,17,6.573694388831806,22.97693618384639,3,0.6301171449941072,27,40.172749832646716,24.994717861575946,5,54,83,81,Moderate
MSME_153,Manufacturing,5,Pvt Ltd,Small,Urban,350,3.4861836364139815,15.502968196193125,134,0.21317000536587333,25,49.583387090495876,3.2337163967375693,4,64,54,52,Moderate
MSME_154,Retail,4,Sole Proprietorship,Micro,Rural,138,2.980563813601753,27.63399685694676,108,0.43383007452757905,65,88.1473093817009,83.42247116979973,3,83,73,73,Moderate
MSME_155,Agri-Tech,2,Pvt Ltd,Small,Semi-Urban,785,10.542397055953238,23.491782518169092,162,0.6028318227604028,67,64.29605704007389,19.232832741329556,1,94,85,81,Moderate
MSME_156,Services,10,Partnership,Micro,Urban,678,8.11457614304921,9.781510447864667,47,0.2731382210733584,126,94.13289745789388,37.80036666732644,5,74,84,60,Moderate
MSME_157,Renewable Energy,19,Sole Proprietorship,Medium,Semi-Urban,361,16.860072839637684,20.344435470392476,72,0.5484306284842212,56,61.763937996558596,0.8718194466870965,4,94,43,61,Moderate
MSME_158,Services,1,Sole Proprietorship,Small,Rural,367,13.48467820450822,15.887636359953984,71,0.5666203353326336,92,79.33525501291327,77.21595818235515,5,53,53,96,High
MSME_159,Manufacturing,5,Partnership,Small,Urban,526,8.118443394123757,19.43124326921533,115,0.21388982066599616,59,55.5055473597601,65.80416100094254,1,88,53,43,Moderate
MSME_160,Technology,13,Partnership,Micro,Urban,504,5.43246889285405,23.45172808346293,172,0.4955597187169294,50,60.00953026275134,85.20804316563328,3,58,55,57,Moderate
MSME_161,Renewable Energy,4,Partnership,Small,Urban,95,4.925594541811341,25.15489702509477,80,0.6401388376850254,36,50.489929317499204,70.34539312767592,5,77,46,44,High
MSME_162,Manufacturing,16,Pvt Ltd,Small,Rural,184,21.887189019229606,26.093433160168107,80,0.44922696517515937,59,59.08843026746672,28.23358608468587,2,75,71,58,High
MSME_163,Textiles,16,Pvt Ltd,Medium,Semi-Urban,202,7.599993273311947,11.349371864300618,112,0.1084721817432752,100,70.09806362313537,22.308602285558127,4,46,58,41,Moderate
MSME_164,Technology,2,Sole Proprietorship,Small,Urban,320,16.989344901952272,5.777889997933942,95,0.10632692835550453,137,94.54750845385871,62.79446767979636,5,69,41,51,High
MSME_165,Services,17,Partnership,Medium,Rural,128,20.645776343684123,23.48236837911933,71,0.3499205407790086,40,76.53109421894821,32.77014975094495,4,58,49,56,High
MSME_166,Manufacturing,12,Sole Proprietorship,Micro,Semi-Urban,227,16.12387015724893,7.658593156394365,146,0.7483358479022474,114,50.95852749245727,50.95935141773549,2,88,89,49,Moderate
MSME_167,Textiles,18,Sole Proprietorship,Small,Rural,436,21.770000327879753,12.872989715324191,62,0.2600737457225262,110,42.472879287535314,0.5631723923823206,3,64,56,73,Moderate
MSME_168,Renewable Energy,3,Sole Proprietorship,Medium,Semi-Urban,423,11.025055595154914,5.095428353108678,37,0.5440545822101811,62,46.949606472298086,5.569713151242772,3,55,76,45,Low
MSME_169,Renewable Energy,1,Sole Proprietorship,Micro,Rural,123,23.99311038492581,22.0417370600405,66,0.2554531094853244,43,70.9405360700176,48.18311470634861,2,86,51,47,High
MSME_170,Pharmaceuticals,1,Partnership,Small,Semi-Urban,154,5.06233509609623,9.17830028678053,186,0.3251689927616841,84,82.08381808492214,50.94644818033486,4,93,45,90,Moderate
MSME_171,Textiles,19,Sole Proprietorship,Micro,Urban,547,4.349439182123376,21.382060242291455,68,0.6936294627210389,101,91.72305640154107,67.63076500134093,5,79,61,50,High
MSME_172,Agri-Tech,11,Partnership,Small,Semi-Urban,657,17.1499193627712,29.793565429195972,12,0.6102030095889628,117,40.87027445982515,11.876878766156556,2,90,71,96,Moderate
MSME_173,Retail,5,Partnership,Micro,Rural,312,23.68511625250502,6.816771790250407,174,0.16677949411924745,65,68.75180778590284,46.18647753811009,1,47,80,51,Moderate
MSME_174,Technology,12,Pvt Ltd,Micro,Rural,753,20.604319617635547,6.926950298786517,188,0.4000914146905036,141,65.89770459227472,17.500287998851974,4,57,59,48,Moderate
MSME_175,Textiles,3,Partnership,Medium,Semi-Urban,597,3.757587767075183,13.509502316666872,30,0.12041883455168513,10,76.08302620866371,8.387650760642522,3,67,40,41,Low
MSME_176,Pharmaceuticals,1,Pvt Ltd,Micro,Urban,354,8.425457420498477,26.65966285628355,113,0.43662310262210635,113,70.77683699559381,36.94462146544991,2,55,93,47,Moderate
MSME_177,Retail,1,Partnership,Small,Urban,10,23.397334351269944,10.388246719783297,21,0.5637038081907477,39,77.78715328203643,14.700298328015151,3,91,86,97,Moderate
MSME_178,Retail,8,Partnership,Small,Semi-Urban,156,7.820343954418044,14.009445498258689,92,0.1829518365187061,43,76.19454216120548,19.960378037308672,4,58,92,50,Moderate
MSME_179,Manufacturing,10,Partnership,Medium,Semi-Urban,296,19.966919747099144,6.71263516567449,170,0.30221945723641597,122,46.435644867187044,28.579912188255157,3,81,97,99,Moderate
MSME_180,Retail,11,Pvt Ltd,Small,Rural,663,20.978040506360188,24.078882281472236,66,0.3784856378515099,9,83.98448524902958,23.34495606688766,2,56,45,92,Moderate
MSME_181,Agri-Tech,12,Pvt Ltd,Small,Urban,62,13.39539837960258,15.207658568986277,53,0.7436717172592349,91,46.77779166439787,7.883216766535176,4,84,58,75,Moderate
MSME_182,Renewable Energy,13,Sole Proprietorship,Small,Semi-Urban,313,10.886024926511256,23.98121832652107,137,0.7952785107960748,80,78.41918438650254,8.092462037373206,1,52,57,49,Moderate
MSME_183,Pharmaceuticals,12,Pvt Ltd,Micro,Urban,78,12.352861945654471,27.590196108669875,41,0.1314379092969311,61,62.88799522023337,17.392447371075136,2,46,45,60,Moderate
MSME_184,Retail,14,Pvt Ltd,Micro,Semi-Urban,370,7.220187970403376,10.819078677532218,63,0.6327055464467745,131,68.26179040171289,4.550326916358506,5,66,84,59,Moderate
MSME_185,Manufacturing,2,Pvt Ltd,Small,Semi-Urban,611,22.455991070963417,25.184900758498785,125,0.36020684648164025,33,89.68139079066408,56.38113177092344,2,49,72,87,High
MSME_186,Agri-Tech,19,Pvt Ltd,Medium,Urban,229,12.364252104784432,6.477347251956331,20,0.374720730360636,91,88.94360495604175,25.859404485801175,4,73,62,47,Moderate
MSME_187,Services,18,Sole Proprietorship,Micro,Semi-Urban,713,22.296567130490295,27.471184704506182,193,0.6279854813429159,145,84.98209681102662,25.17713709921639,2,75,62,75,High
MSME_188,Renewable Energy,3,Pvt Ltd,Medium,Semi-Urban,584,4.430950037844304,21.269213688968684,168,0.7428985025017861,50,68.05816092509778,29.879846481398864,1,64,65,68,Low
MSME_189,Renewable Energy,17,Partnership,Small,Rural,594,24.73033123300302,26.85566810345879,151,0.765650016151784,120,80.49318955736082,59.65166467887495,1,45,52,81,High
MSME_190,Pharmaceuticals,8,Partnership,Small,Semi-Urban,170,12.19528101120322,5.004709988914548,34,0.5039858102268245,116,68.20933805353451,78.35704933351414,5,63,46,51,High
MSME_191,Renewable Energy,10,Pvt Ltd,Micro,Semi-Urban,690,3.100108869064426,9.227026758899813,183,0.349984811510352,49,87.82833453611275,68.31782393000746,3,57,54,53,Moderate
MSME_192,Retail,2,Pvt Ltd,Small,Semi-Urban,98,2.874502509461463,14.743984685662301,29,0.6512843601011455,149,62.152670827809494,65.47763072025855,4,62,83,87,Moderate
MSME_193,Manufacturing,19,Partnership,Micro,Rural,697,19.162766922082287,14.487572584367964,56,0.27570096828361024,108,93.36294394281822,43.59520670407643,4,45,66,93,High
MSME_194,Renewable Energy,9,Partnership,Small,Urban,790,17.157817286684658,10.668259573087767,46,0.4948518201834625,89,91.27775170258826,62.442500127067056,3,68,65,89,Moderate
MSME_195,Renewable Energy,7,Sole Proprietorship,Small,Rural,594,20.44900283693451,14.540298496680002,162,0.35100492306741127,138,80.7881440698482,49.74861312302248,1,64,72,60,Moderate
MSME_196,Services,4,Partnership,Micro,Rural,766,4.423453280914537,8.221217800006372,18,0.5596417515955133,112,55.367873629683956,19.4625475367876,1,94,54,61,Low
MSME_197,Services,18,Partnership,Micro,Urban,598,2.8181299418176122,15.319028231650652,113,0.26827923902545486,22,47.24094738362921,18.772953096694565,2,56,75,60,Low
MSME_198,Technology,13,Pvt Ltd,Micro,Rural,168,13.697323657294305,25.058858228981606,7,0.23411506201437807,98,87.00868975512586,26.67528061877551,5,85,84,83,High
MSME_199,Agri-Tech,11,Partnership,Small,Urban,498,10.914690324103699,16.97675157758378,25,0.742767360672806,37,49.09162573758787,81.9722403872832,5,63,94,89,High
MSME_200,Retail,4,Sole Proprietorship,Small,Rural,333,12.624779543431982,5.450002223630374,112,0.17126257806467585,130,86.98434339485345,49.26733563417533,5,50,66,69,Moderate
MSME_201,Renewable Energy,4,Partnership,Medium,Urban,619,24.806533404016303,15.536101039481185,70,0.4541705354144522,126,66.99207536917983,66.05148393016825,2,65,96,78,High
MSME_202,Textiles,10,Pvt Ltd,Micro,Semi-Urban,390,24.327249026425413,5.679375402271104,29,0.25459694807410627,142,62.36062310944573,31.190288383489285,5,90,44,59,High
MSME_203,Renewable Energy,5,Pvt Ltd,Small,Rural,111,23.673253962483436,29.156085267669955,134,0.12725097432796723,119,89.6754928358936,36.694419359870274,3,73,41,63,High
MSME_204,Manufacturing,9,Partnership,Small,Rural,503,20.0283815656565,8.186348985571724,66,0.1252131728039985,32,73.21180403971528,11.300902077352625,2,67,94,62,Moderate
MSME_205,Technology,3,Pvt Ltd,Micro,Rural,653,10.161351285908479,22.69220815826547,64,0.22265524047407914,15,71.71377039213448,15.416546203950332,3,42,97,46,Moderate
MSME_206,Agri-Tech,17,Sole Proprietorship,Medium,Rural,623,11.479011396043747,29.319408072302146,35,0.7067392481542002,51,70.73212695434188,74.4620899343531,2,50,72,48,High
MSME_207,Textiles,3,Sole Proprietorship,Micro,Semi-Urban,28,14.641169005535263,25.650976291664296,24,0.29773512078391867,131,60.414323381074226,52.635476851999385,5,77,55,40,High
MSME_208,Technology,16,Partnership,Medium,Rural,463,21.102292497311318,22.48288437815509,36,0.765321419402707,122,83.210370694102,30.377921929543703,3,53,62,65,High
MSME_209,Pharmaceuticals,4,Partnership,Small,Semi-Urban,491,3.5803951479201586,25.986522737519174,0,0.5071356050924355,147,53.903914420867515,72.25660880959914,3,90,77,77,Moderate
MSME_210,Agri-Tech,18,Partnership,Medium,Semi-Urban,603,11.758828375352426,29.54496733151569,142,0.4056299328381363,130,91.63922280227013,22.18679150741847,3,65,94,77,Moderate
MSME_211,Renewable Energy,17,Pvt Ltd,Small,Semi-Urban,406,3.9002062595631797,20.53361243133824,36,0.5060621842686183,76,89.16918627758284,87.84294287401835,2,87,55,93,Moderate
MSME_212,Renewable Energy,7,Sole Proprietorship,Micro,Semi-Urban,288,13.837124491190766,18.979620170733163,140,0.4616888696583875,111,58.561417912119396,31.033584697155277,4,60,53,83,Moderate
MSME_213,Agri-Tech,5,Sole Proprietorship,Micro,Urban,374,22.674718952143415,20.705952761582033,135,0.6311433776301276,141,80.12050734074151,30.35798587361048,5,93,68,61,High
MSME_214,Renewable Energy,12,Pvt Ltd,Micro,Urban,340,19.99715326497057,18.316897169038874,132,0.29774724618099657,37,71.52727569472754,28.07207149830347,3,95,65,83,High
MSME_215,Retail,17,Sole Proprietorship,Medium,Rural,650,7.240375603491529,20.87722764774297,187,0.3471352741202117,23,58.570711609957904,10.990036433185914,4,78,74,49,Moderate
MSME_216,Agri-Tech,13,Partnership,Small,Urban,353,24.447789540772227,16.24605519931398,127,0.7258660117732756,78,94.36869063974957,10.002343259881117,5,69,54,94,High
MSME_217,Technology,3,Partnership,Micro,Urban,464,17.349059155067852,10.461079572082678,126,0.7625195592052839,102,41.38805402165453,58.32945310807111,5,98,42,97,High
MSME_218,Agri-Tech,9,Partnership,Micro,Rural,610,2.2398370861402706,8.006180662791891,0,0.7247907592405322,145,53.89553168417076,78.76062401022423,3,47,62,45,Moderate
MSME_219,Textiles,17,Sole Proprietorship,Small,Rural,734,7.8745101477600485,6.70852338830651,163,0.39361359577011956,133,68.60407336111328,71.14684592445062,3,90,68,56,Moderate
MSME_220,Renewable Energy,17,Partnership,Micro,Rural,664,7.996405898158081,11.582894593830002,34,0.6462558521048172,97,68.70741519132102,12.699683461921598,2,59,73,90,Low
MSME_221,Retail,16,Pvt Ltd,Small,Urban,74,3.5928490445747787,6.153089108393345,193,0.43343501331076917,52,72.39131912200602,49.10239096128598,4,87,72,89,Moderate
MSME_222,Retail,13,Pvt Ltd,Small,Urban,85,24.07600991574637,19.17926949798464,190,0.44827789650227157,68,81.34218946126056,9.5032391378976,4,71,80,77,High
MSME_223,Pharmaceuticals,19,Sole Proprietorship,Small,Rural,720,12.999871775246246,12.095711175588008,103,0.2432760763400988,65,74.2912806785613,4.0765179251769705,3,61,80,63,Moderate
MSME_224,Technology,17,Pvt Ltd,Small,Semi-Urban,152,22.603735739553287,25.613370202175805,22,0.5137912122809616,43,73.01548032904203,59.07472734462905,5,98,62,90,High
MSME_225,Services,4,Pvt Ltd,Small,Rural,614,9.410956579226452,6.856021824709661,8,0.23029512842734357,132,42.94329546021738,48.16371003123153,3,46,46,49,Moderate
MSME_226,Services,12,Sole Proprietorship,Medium,Semi-Urban,482,4.880372119955024,10.658787358537149,33,0.3320952893470357,92,60.70916582841141,7.382131669032377,5,48,42,95,Moderate
MSME_227,Agri-Tech,9,Partnership,Micro,Semi-Urban,426,12.90973052784292,23.256153677253646,173,0.6985211411339547,30,52.76306568356358,3.14453217653896,5,84,97,47,High
MSME_228,Pharmaceuticals,19,Partnership,Medium,Rural,314,4.621002598429294,19.970207409587285,127,0.24495306644759868,21,54.59535613810865,89.07807720684012,3,40,71,60,Moderate
MSME_229,Manufacturing,12,Partnership,Micro,Rural,745,13.178356568483418,6.612281781229188,3,0.14981079962140298,75,70.48856108871897,2.701919893416469,1,68,70,95,Low
MSME_230,Agri-Tech,9,Sole Proprietorship,Medium,Rural,506,23.16683516804638,26.93098642905501,157,0.1483053148289714,17,50.972792321128466,40.00754277451437,4,47,57,45,High
MSME_231,Pharmaceuticals,7,Pvt Ltd,Small,Urban,300,13.977667262186893,26.93154407065449,101,0.7585491643521756,73,56.16720055592936,45.415712214692604,5,95,82,60,High
MSME_232,Technology,14,Partnership,Micro,Semi-Urban,111,16.17949371858692,13.260200096894346,74,0.45484430657328423,30,53.03965896845371,10.555213302040054,5,93,46,96,Moderate
MSME_233,Technology,19,Partnership,Micro,Urban,276,5.602684050397591,13.510146083739118,98,0.3865884502719129,53,92.16766187700071,15.215560059574463,1,43,80,78,Low
MSME_234,Technology,15,Sole Proprietorship,Medium,Urban,631,3.005919395239298,29.725708958754346,71,0.667615006705543,11,91.95661526941024,31.662450576931725,2,74,40,63,Moderate
MSME_235,Technology,16,Partnership,Medium,Rural,786,4.548583130135562,20.654404289828456,2,0.6850781495373612,62,73.54678572278284,68.55082885922964,1,98,53,72,Moderate
MSME_236,Technology,5,Sole Proprietorship,Micro,Urban,12,15.76622624074041,18.282913014201476,141,0.3325337231809232,53,90.84873578025449,45.637418165424,1,42,91,98,Moderate
MSME_237,Pharmaceuticals,3,Pvt Ltd,Medium,Rural,94,4.185269076823007,25.95380458879811,187,0.5855326402316567,107,83.21969550076052,57.41116870976654,5,93,71,57,High
MSME_238,Pharmaceuticals,12,Sole Proprietorship,Medium,Semi-Urban,337,10.647836468650162,12.13225845893291,172,0.6397859710963206,57,72.44713355409948,88.66570995816073,4,84,45,95,High
MSME_239,Retail,4,Sole Proprietorship,Medium,Rural,459,14.652114630537588,15.729564834908922,33,0.5582554808061682,66,40.353936632323766,69.12048917818886,1,79,78,67,Moderate
MSME_240,Textiles,16,Sole Proprietorship,Small,Urban,463,10.939014368486482,11.694416887208355,44,0.2061165523600696,21,82.48839573436723,39.092534832709596,2,46,49,96,Moderate
MSME_241,Services,7,Sole Proprietorship,Small,Urban,638,5.764727433701934,24.729021164718286,60,0.7131181584619399,29,78.63685878736578,40.17977296168939,3,66,46,91,Moderate
MSME_242,Renewable Energy,13,Pvt Ltd,Medium,Rural,230,8.297200072824449,19.33373364088045,82,0.47736618691520616,135,73.83895093053277,55.68948693369045,1,40,65,71,Moderate
MSME_243,Technology,10,Pvt Ltd,Medium,Rural,163,23.35130325551727,21.47062675350176,122,0.2977306984590026,33,81.82333714253593,59.88286875770139,1,66,73,51,High
MSME_244,Manufacturing,7,Partnership,Small,Urban,674,17.547592338486176,11.307681245985163,101,0.39765972980638575,121,68.21071906261211,45.06398332530042,2,55,69,87,Moderate
MSME_245,Renewable Energy,14,Pvt Ltd,Small,Semi-Urban,21,13.40910028963739,10.505632534432877,15,0.12629976327923517,30,78.72457992267366,58.03751005334819,4,77,75,81,Moderate
MSME_246,Pharmaceuticals,5,Pvt Ltd,Micro,Semi-Urban,142,2.292442469698551,17.209365724573466,65,0.1895067608556923,128,91.43446476995713,2.1179244972688895,1,46,60,66,Low
MSME_247,Manufacturing,3,Partnership,Micro,Rural,313,24.825554211257813,23.43914372732067,167,0.6358827253611026,148,60.669275871534744,38.66605775071597,1,83,99,49,High
MSME_248,Manufacturing,11,Pvt Ltd,Small,Semi-Urban,302,17.443463502576794,18.130993938004003,144,0.10000814432875631,29,78.94670091953441,25.10442684661291,4,62,56,85,High
MSME_249,Manufacturing,11,Sole Proprietorship,Medium,Urban,309,9.289216978933734,5.8161419386417155,118,0.3915960799376046,58,66.16282999060273,11.625700071879935,2,80,72,96,Low
MSME_250,Retail,18,Sole Proprietorship,Medium,Rural,749,22.22317917995028,26.71378765800722,161,0.465757126759912,77,77.09198084976899,8.959186152789762,1,98,49,91,Moderate
MSME_251,Pharmaceuticals,15,Partnership,Medium,Urban,792,7.943927266711817,6.617172337878289,123,0.1382440940006806,124,81.95913345549002,54.287294905320074,4,50,90,81,Moderate
MSME_252,Manufacturing,12,Partnership,Medium,Urban,52,14.512381321203286,28.895612093018805,143,0.7811547140806331,60,42.49988752396878,47.12404924373506,1,81,86,71,Moderate
MSME_253,Technology,9,Partnership,Micro,Semi-Urban,352,16.629627565785977,5.628548956931818,101,0.2582877318747704,69,75.56302441717641,22.822570529673225,3,92,81,81,Moderate
MSME_254,Agri-Tech,10,Sole Proprietorship,Small,Rural,335,7.084457543435755,22.36126140326772,187,0.31293910374539663,97,52.47076514238195,42.38550528952631,5,72,90,65,High
MSME_255,Manufacturing,12,Pvt Ltd,Medium,Rural,507,24.503137412413707,7.055176592794542,65,0.3127597585785191,90,76.85178957941616,44.30090836641675,3,89,51,64,Moderate
MSME_256,Retail,17,Sole Proprietorship,Micro,Semi-Urban,373,19.208413837516943,27.76691448587849,193,0.26129166348214494,84,65.75816022635973,17.550808239475423,1,75,95,50,Moderate
MSME_257,Renewable Energy,6,Partnership,Medium,Urban,436,14.829704186754608,16.61083090563857,12,0.101031675460418,112,82.54540080256879,58.68837556934856,2,76,55,62,Moderate
MSME_258,Pharmaceuticals,7,Pvt Ltd,Small,Urban,30,6.153675758031921,8.438094370425384,183,0.6105413558615975,122,46.7870448363078,70.28274207474814,5,80,80,73,Moderate
MSME_259,Textiles,14,Pvt Ltd,Micro,Urban,416,3.238738760954601,13.520392494746165,110,0.7767918498594998,87,74.44772934109074,71.2317186800567,3,98,71,96,Moderate
MSME_260,Retail,13,Sole Proprietorship,Small,Urban,628,9.36137614798262,9.12061688366905,158,0.2570054382995316,19,55.315890091015376,54.22228476331095,4,56,54,91,Moderate
MSME_261,Manufacturing,8,Partnership,Small,Rural,345,19.323308726008264,9.26454778892725,33,0.5641330342623957,135,86.91400974318253,46.047472426711266,2,74,66,79,Moderate
MSME_262,Pharmaceuticals,10,Sole Proprietorship,Micro,Rural,126,8.194619860946577,28.702708004286055,38,0.6193274288711006,143,91.06109280999691,5.490642870485541,3,87,67,62,Moderate
MSME_263,Agri-Tech,9,Pvt Ltd,Micro,Semi-Urban,133,14.409793071396617,16.131152807119705,194,0.6938977653633673,34,94.80190615234804,25.904816896644526,4,44,56,68,Moderate
MSME_264,Manufacturing,18,Sole Proprietorship,Micro,Semi-Urban,408,18.742785064807094,24.720056597633988,135,0.3958404379095264,61,83.78040713350057,8.39443021003529,1,87,85,70,Moderate
MSME_265,Retail,2,Sole Proprietorship,Micro,Rural,724,4.48270543686868,20.990139029442048,119,0.3120516339483005,132,81.45537387354025,86.74408447906262,4,71,98,46,High
MSME_266,Services,5,Partnership,Micro,Rural,60,17.761854370665088,21.910659058459807,125,0.32770659381612177,52,51.852541737715306,12.157213160318463,3,42,89,79,Moderate
MSME_267,Technology,5,Partnership,Micro,Urban,792,4.113030417331029,8.292335961800962,54,0.5988349331689591,140,58.48038824445598,13.659786886599184,3,91,97,72,Low
MSME_268,Textiles,6,Pvt Ltd,Micro,Urban,333,24.19798406892092,10.854611170387141,26,0.6717456265539452,26,65.61253979692538,80.0618956497443,1,86,41,60,Moderate
MSME_269,Renewable Energy,19,Sole Proprietorship,Medium,Semi-Urban,798,13.233064991493611,24.66875837886092,117,0.22712977742962187,10,82.53595762802374,84.9535455128812,4,74,75,41,High
MSME_270,Retail,8,Sole Proprietorship,Small,Rural,150,5.46555047732718,29.269155161869573,52,0.3596587057104357,108,90.32312257928828,68.92461353114189,4,91,89,57,High
MSME_271,Pharmaceuticals,16,Sole Proprietorship,Micro,Semi-Urban,479,9.87482362877157,11.566891064966292,38,0.731358137724405,40,50.402650501264155,0.4864431305402883,1,53,46,86,Low
MSME_272,Textiles,13,Pvt Ltd,Medium,Rural,796,11.508578333791013,11.789219118775996,64,0.6646854637863175,83,90.73021165685566,0.12116438609073299,4,87,52,72,Moderate
MSME_273,Textiles,1,Pvt Ltd,Medium,Urban,343,19.43825525476036,16.82242832027262,144,0.7894008819337331,120,78.25935587947319,34.02906928087057,1,70,54,76,Moderate
MSME_274,Textiles,17,Partnership,Medium,Semi-Urban,382,19.098747079762013,29.596007821385946,157,0.6279737817774566,61,73.59239018767713,12.905583300980329,2,70,64,73,High
MSME_275,Manufacturing,7,Partnership,Small,Semi-Urban,573,16.074631622758613,11.723973645661776,180,0.37523664071954566,53,50.991269920506674,1.6547527936437556,3,56,62,59,Moderate
MSME_276,Technology,13,Partnership,Micro,Rural,503,4.436406388845338,15.174297740856597,12,0.5134464837962465,86,43.05387680450328,41.76600204640542,2,99,99,74,Moderate
MSME_277,Manufacturing,4,Sole Proprietorship,Medium,Urban,548,5.486095546516492,27.287000390587668,20,0.5627099779731243,70,71.26556941793669,84.87557076662743,5,63,61,90,High
MSME_278,Pharmaceuticals,4,Sole Proprietorship,Small,Semi-Urban,678,4.156409174847802,5.07302581553405,146,0.15491907142198677,81,75.83336258308908,29.143761741218828,5,91,65,89,Moderate
MSME_279,Manufacturing,6,Partnership,Small,Urban,760,15.274974015613651,5.994149124714239,52,0.48114787137270565,49,51.592979714507855,59.50266105858269,5,62,72,93,High
MSME_280,Services,19,Sole Proprietorship,Small,Semi-Urban,165,22.17418415476229,20.10179192678048,18,0.5965245799308267,83,70.6050913204001,58.701181781919665,1,57,50,57,Moderate
MSME_281,Technology,12,Partnership,Medium,Urban,300,11.97741178185975,27.684504117821174,56,0.21712491280074228,24,87.10713715194154,22.5972093298651,4,89,49,85,High
MSME_282,Technology,7,Pvt Ltd,Micro,Rural,657,5.699508001028162,10.971416510048192,24,0.6464422021978901,127,85.9286270000261,58.53827239414779,2,93,64,63,Moderate
MSME_283,Pharmaceuticals,10,Partnership,Medium,Semi-Urban,153,14.83497347842624,16.741044367017725,30,0.5086409463598782,71,91.00453493224634,19.110057685820216,2,53,76,47,Moderate
MSME_284,Renewable Energy,19,Pvt Ltd,Medium,Semi-Urban,115,20.670300987911325,16.261632541445458,80,0.7665552499883163,87,60.123719525628424,10.980667221920013,2,89,87,69,Moderate
MSME_285,Services,7,Sole Proprietorship,Micro,Urban,429,19.05937741479739,16.824283652387756,182,0.1296956087448242,7,57.49272649030053,63.12449570037211,2,54,82,83,Moderate
MSME_286,Retail,3,Partnership,Micro,Urban,679,22.273367932525492,20.56299239324363,22,0.2857282962888269,68,81.21843032894448,10.209673539352506,5,54,92,92,High
MSME_287,Manufacturing,13,Sole Proprietorship,Micro,Semi-Urban,667,8.39174823672396,16.743594074767095,31,0.5210877155098769,44,63.71118228033528,89.72182967304198,2,45,77,49,Moderate
MSME_288,Agri-Tech,13,Pvt Ltd,Small,Rural,11,6.460938947158822,16.186703533061447,189,0.3075919385441515,63,44.81517652152793,16.51071610352064,4,66,80,62,Moderate
MSME_289,Manufacturing,18,Pvt Ltd,Micro,Urban,598,22.23577917666459,16.857210510781513,73,0.6000969148498696,66,55.55406218687749,53.47276764808118,5,54,84,91,High
MSME_290,Textiles,8,Pvt Ltd,Medium,Urban,653,17.123887193894532,19.77168603177604,9,0.6313036977653518,136,63.0220257042319,37.023711427133044,2,89,63,88,Moderate
MSME_291,Manufacturing,9,Sole Proprietorship,Micro,Urban,99,9.151365390173746,18.42518720878396,199,0.17176117484653214,64,56.08840340119386,11.37477801651004,1,75,79,50,Low
MSME_292,Retail,7,Sole Proprietorship,Medium,Semi-Urban,354,19.074005163167712,26.35339994126261,53,0.4596981249447375,120,58.27130640210269,2.505951681967206,3,94,85,41,High
MSME_293,Manufacturing,1,Sole Proprietorship,Small,Semi-Urban,359,20.74772284304846,6.237421337341665,51,0.45622338891373915,79,56.15767483959149,56.045905406355,3,47,95,97,Moderate
MSME_294,Services,3,Sole Proprietorship,Medium,Semi-Urban,468,16.144499527846044,25.83292678682531,147,0.35849653915087876,126,42.28245419506937,72.60818074102134,3,54,72,65,High
MSME_295,Services,13,Pvt Ltd,Medium,Semi-Urban,272,17.821334527238047,26.0981153152931,159,0.7530474037987706,111,75.04020854534434,75.78140953560695,5,42,56,75,High
MSME_296,Technology,17,Pvt Ltd,Micro,Rural,360,10.630977802181325,12.122700538274021,113,0.6792544239112549,100,72.8510831194408,43.4442125769241,2,86,63,72,Moderate
MSME_297,Pharmaceuticals,1,Partnership,Micro,Rural,117,14.390000348889899,16.571298875396266,13,0.5880465673367458,95,75.93609241632743,69.97099204641471,5,52,76,86,High
MSME_298,Renewable Energy,6,Partnership,Medium,Semi-Urban,595,14.055660926701732,15.963462213435887,177,0.6000286450144983,134,50.57704428184951,60.556242013969026,4,80,96,52,High
MSME_299,Agri-Tech,6,Sole Proprietorship,Micro,Rural,48,21.50509919600775,10.462745858853257,155,0.4232013006691834,66,56.26099978868669,65.18290747492199,1,73,41,79,Moderate
MSME_300,Textiles,12,Pvt Ltd,Small,Urban,168,21.3191715464902,14.919921177157912,109,0.7446961647676031,53,74.07887598197073,44.33391046996327,1,63,71,64,Moderate
MSME_301,Manufacturing,13,Pvt Ltd,Small,Urban,592,21.151650794981993,6.109694304271361,52,0.5862167990772998,141,72.97951626529567,57.00705662179144,3,79,96,43,Moderate
MSME_302,Manufacturing,13,Pvt Ltd,Micro,Urban,321,2.2537271280367133,11.945551819543361,151,0.6102867431590715,96,67.84816701448473,72.49733222184513,3,71,99,81,Moderate
MSME_303,Retail,15,Partnership,Small,Semi-Urban,250,19.23954614278443,25.417054386267953,78,0.7031836326511417,128,59.27272875056086,35.80957580013207,3,71,63,58,High
MSME_304,Pharmaceuticals,16,Partnership,Micro,Urban,454,19.44955697255311,12.114057544072438,21,0.29185011253953375,65,90.21120526260795,72.53810107808253,2,69,48,57,Moderate
MSME_305,Services,11,Pvt Ltd,Medium,Rural,307,17.602712925668264,25.455166718706188,29,0.6649496327066922,52,58.68736332643641,53.281515851015655,4,91,43,76,High
MSME_306,Agri-Tech,5,Pvt Ltd,Medium,Semi-Urban,45,19.394087131503408,18.28998661511077,190,0.23666842206954444,140,65.05905360404884,14.931092193370763,4,88,56,69,High
MSME_307,Technology,4,Pvt Ltd,Small,Rural,93,21.3653185444243,26.996566934028998,3,0.3417393665714215,62,77.29626070248148,2.221574150212615,4,52,56,58,High
MSME_308,Services,3,Partnership,Micro,Urban,461,12.81733824434107,19.36948885661038,58,0.3349273179888899,105,69.86617869767203,32.64782403592368,4,40,92,97,Moderate
MSME_309,Textiles,19,Pvt Ltd,Micro,Urban,784,13.547154910234283,5.741705576618496,7,0.7849678278723984,116,59.07872870004121,49.202669546670585,3,73,89,62,Moderate
MSME_310,Pharmaceuticals,18,Pvt Ltd,Small,Urban,394,4.868423308961981,21.88550518867723,11,0.6995760566235488,66,63.96046347510804,75.58383169831396,1,54,87,98,Moderate
MSME_311,Textiles,15,Sole Proprietorship,Medium,Semi-Urban,181,10.863645310089321,6.121339200589216,118,0.5908189031131819,43,83.69644498194283,11.473711212622158,3,83,69,93,Moderate
MSME_312,Renewable Energy,9,Sole Proprietorship,Small,Rural,385,16.79739913797104,16.264925474578348,158,0.6089397331307731,62,55.29710355176368,72.01857129152212,4,53,79,55,High
MSME_313,Technology,17,Partnership,Medium,Semi-Urban,694,19.949194851387315,28.23566736182785,33,0.4934509560817998,103,47.824038187724845,77.67081414605043,3,96,97,40,High
MSME_314,Renewable Energy,14,Pvt Ltd,Micro,Semi-Urban,371,6.995809246897843,9.130098483446254,81,0.7629634669759634,48,57.22397610063774,13.56187383007504,4,68,50,51,Moderate
MSME_315,Retail,15,Pvt Ltd,Medium,Urban,568,5.169926680662414,14.746808823538602,97,0.4473811270176531,33,86.72438185183458,76.64348873737971,5,73,60,63,High
MSME_316,Textiles,1,Sole Proprietorship,Small,Semi-Urban,150,17.24996610351132,23.24650772121196,126,0.36636239690892625,63,44.89443431709907,89.23082110585128,1,57,60,73,High
MSME_317,Retail,3,Partnership,Micro,Semi-Urban,127,2.0432373210729446,27.05646390237119,74,0.21412473585211372,75,94.54328403548485,65.41549479434138,5,93,57,92,High
MSME_318,Manufacturing,16,Sole Proprietorship,Small,Urban,286,6.102569439068586,21.773575118562697,104,0.6503439565827406,96,69.75515944102143,70.62927136424892,2,46,94,96,Moderate
MSME_319,Renewable Energy,11,Sole Proprietorship,Small,Semi-Urban,735,2.668641747910936,11.45433135477923,48,0.614110752452914,13,94.16651591819017,89.49737408029861,3,68,68,47,Moderate
MSME_320,Pharmaceuticals,12,Sole Proprietorship,Medium,Urban,229,5.838357710662031,21.865196322905405,78,0.3690485269668945,131,91.64480321472877,54.49331254733508,2,94,63,57,Moderate
MSME_321,Textiles,10,Sole Proprietorship,Small,Urban,35,6.17034343828662,12.41819102760225,184,0.11763538977146056,138,64.90475428160042,27.709774381462445,3,70,49,96,Moderate
MSME_322,Agri-Tech,16,Pvt Ltd,Medium,Urban,530,10.916492679259067,22.960730745468382,92,0.6872981294026076,149,50.9170091032942,75.377775066845,5,64,84,87,High
MSME_323,Technology,8,Pvt Ltd,Micro,Urban,792,11.253523867790786,28.850828189626014,153,0.10799258841785155,148,49.06866271108262,55.303719976046814,4,77,56,44,High
MSME_324,Services,6,Sole Proprietorship,Medium,Semi-Urban,19,22.10803682403547,23.034836277657206,17,0.5925898457403357,135,53.199415012847666,52.30758813488609,4,53,57,65,High
MSME_325,Pharmaceuticals,12,Partnership,Micro,Urban,387,13.73252338747298,26.57201257281031,95,0.77917997680824,25,79.05729523104955,22.827199996263445,3,47,81,69,Moderate
MSME_326,Pharmaceuticals,8,Partnership,Medium,Urban,642,18.638309609082583,5.052596079397086,37,0.40636292970374244,68,55.01224971023183,68.0700842624598,4,66,87,93,High
MSME_327,Retail,4,Partnership,Small,Semi-Urban,646,4.395159232166611,22.93930311828986,86,0.264481383497167,94,58.778389828236406,7.350054827408663,5,93,59,52,Moderate
MSME_328,Renewable Energy,8,Partnership,Medium,Semi-Urban,691,7.185091375664959,25.73968892163126,87,0.5934097070303672,40,64.6828342197038,83.18583637151951,4,41,76,58,High
MSME_329,Textiles,18,Sole Proprietorship,Medium,Rural,593,18.167699142509566,6.013968438617035,49,0.6719896994109096,66,90.2277974231801,29.324111469343627,5,56,84,68,Moderate
MSME_330,Textiles,5,Pvt Ltd,Micro,Semi-Urban,161,3.214491090776146,26.789943182205764,7,0.48250122125449313,80,50.41663798366653,11.49971875109914,2,76,57,42,Moderate
MSME_331,Manufacturing,9,Partnership,Small,Semi-Urban,729,13.191746231606322,11.417355707751145,168,0.7769246926793024,17,40.276460393539175,39.812987979217695,5,53,56,65,Moderate
MSME_332,Manufacturing,4,Sole Proprietorship,Medium,Rural,58,15.785486210247479,21.63230254945138,133,0.1361681051605728,15,43.305302570799356,3.8222918330879843,1,64,48,79,Moderate
MSME_333,Technology,17,Partnership,Small,Semi-Urban,163,15.849349813207064,25.008871975585166,68,0.45335691881316975,58,89.76214879240649,61.61635748384697,1,95,53,98,Moderate
MSME_334,Retail,9,Partnership,Medium,Semi-Urban,302,2.5274546591649667,21.566612826483887,171,0.602917763125785,20,75.61340556638497,81.24349594008206,1,69,88,97,Moderate
MSME_335,Pharmaceuticals,1,Sole Proprietorship,Medium,Semi-Urban,589,9.408484097271266,7.307119801831431,120,0.7038483298044254,12,55.01723406302937,75.35367064246579,3,68,68,97,Moderate
MSME_336,Textiles,13,Pvt Ltd,Small,Semi-Urban,59,16.639284974130543,19.90803797150921,63,0.22547892833545305,108,49.745587555615515,11.463252610309297,3,59,70,51,Moderate
MSME_337,Agri-Tech,16,Pvt Ltd,Medium,Rural,673,5.426993931432599,18.739591418053593,156,0.660002437234577,63,56.18467051504129,11.364402339695868,3,60,43,41,Moderate
MSME_338,Retail,13,Sole Proprietorship,Small,Semi-Urban,540,17.994559911545224,27.508031701856787,155,0.4868949530029817,61,46.31383099882041,73.20910340918377,5,92,57,50,High
MSME_339,Technology,14,Pvt Ltd,Medium,Semi-Urban,621,19.156279802714515,15.10599324110523,138,0.3775875773929743,44,91.78431006564426,83.18288471428043,3,61,98,83,High
MSME_340,Technology,3,Sole Proprietorship,Micro,Rural,69,24.585291380261342,13.027027427176254,120,0.19220052000536553,134,83.13133959008968,41.460284685014024,2,74,59,67,Moderate
MSME_341,Retail,6,Sole Proprietorship,Small,Urban,176,6.826365881697416,23.746269110911655,64,0.7057070312362387,98,65.43151473018975,44.90740052223894,1,76,95,57,Moderate
MSME_342,Technology,18,Sole Proprietorship,Medium,Rural,211,20.97800535632065,15.316883152084916,106,0.21009124572580076,142,87.57294328133611,28.64358372471533,5,55,95,52,High
MSME_343,Retail,19,Pvt Ltd,Medium,Urban,155,13.966821269129044,21.152404375126576,146,0.31685150144636953,48,53.72020123612778,80.48386064307726,1,89,86,76,Moderate
MSME_344,Services,5,Sole Proprietorship,Micro,Rural,685,10.58963971131599,21.161252253115173,136,0.3030318723737058,143,79.44163126597064,58.04126147631204,3,97,82,61,Moderate
MSME_345,Retail,15,Partnership,Small,Rural,448,4.814665418479093,27.200976609002947,154,0.709989823933598,84,87.08728744575589,25.942641945063166,5,88,83,51,High
MSME_346,Renewable Energy,2,Pvt Ltd,Medium,Semi-Urban,251,18.916628949213365,19.967310057977436,161,0.5708920959462287,85,59.622279139279996,26.890458394882646,4,82,48,41,High
MSME_347,Retail,10,Pvt Ltd,Micro,Urban,590,7.424724780304803,17.55384024904967,171,0.6576769780339606,6,81.66054449978947,80.20800657572421,2,56,52,76,Moderate
MSME_348,Technology,18,Pvt Ltd,Medium,Semi-Urban,696,10.542706043080052,8.471783159912924,195,0.27532752915474934,144,56.228979209537016,1.2270621515239322,3,55,54,46,Moderate
MSME_349,Textiles,13,Pvt Ltd,Small,Urban,570,3.438471218639474,7.893440166967634,99,0.5374118697248993,119,56.43714243924669,29.045391545397457,3,97,66,65,Low
MSME_350,Renewable Energy,5,Partnership,Medium,Rural,492,20.431439063848938,8.858039132076986,81,0.5002221882006241,94,45.888144820480235,49.89210130947321,2,94,54,65,Moderate
MSME_351,Technology,1,Pvt Ltd,Medium,Rural,117,19.631536051347798,9.296212033177362,142,0.6829812637517898,27,64.20319255801692,13.339571588939217,2,41,67,63,Moderate
MSME_352,Manufacturing,1,Pvt Ltd,Medium,Urban,235,18.873164090973187,20.94692731659085,50,0.7342609423368824,66,80.13415485735823,8.28888787796308,4,43,76,51,High
MSME_353,Manufacturing,18,Sole Proprietorship,Medium,Semi-Urban,682,8.887200741313393,23.524531256864464,140,0.10850974003417077,117,91.71214430642067,73.3748697981504,3,60,94,55,Moderate
MSME_354,Textiles,15,Pvt Ltd,Micro,Semi-Urban,640,5.990041708117016,18.249788073160467,82,0.5718139433411549,132,73.20883455610029,80.49639497836566,3,78,58,62,Moderate
MSME_355,Textiles,17,Partnership,Micro,Semi-Urban,670,16.663725082815283,25.725443313637275,176,0.13628505938381033,66,87.47245457546565,74.12457787183705,1,73,65,79,Moderate
MSME_356,Renewable Energy,11,Partnership,Small,Semi-Urban,671,13.411826834604048,29.78158066834083,197,0.4842010655541492,42,85.23720571096248,80.8909100763613,5,69,91,99,High
MSME_357,Services,17,Partnership,Micro,Rural,441,6.099806738806756,25.5003157279839,111,0.30134291033057475,65,49.53386791364045,49.780077395253436,5,45,65,48,High
MSME_358,Textiles,13,Partnership,Micro,Rural,664,17.775959234146868,22.37205934189898,55,0.3147436196654989,133,66.71995859019474,73.10323088913077,1,56,64,71,Moderate
MSME_359,Manufacturing,1,Pvt Ltd,Small,Rural,428,24.795907931889985,18.312317485928666,178,0.34707095241664965,126,46.43079445389653,34.563837455199035,5,78,65,54,High
MSME_360,Retail,2,Pvt Ltd,Micro,Rural,464,19.186050518066867,16.221326791867703,164,0.5349047143347271,114,77.51842388588992,59.96410753311346,2,64,65,76,Moderate
MSME_361,Technology,9,Partnership,Micro,Rural,169,19.01968689376907,7.109809513613559,144,0.3338349759681385,17,92.24448175353419,88.9951978250248,5,44,85,52,High
MSME_362,Manufacturing,3,Partnership,Small,Semi-Urban,532,23.85719331740361,14.984218709867273,185,0.6128893354131963,104,47.53992019433161,20.315495145521467,5,44,67,44,High
MSME_363,Manufacturing,1,Pvt Ltd,Small,Semi-Urban,659,6.66753645422275,27.753365919553357,156,0.3831691699017088,139,80.36357219413978,35.090977166197256,1,59,88,50,Moderate
MSME_364,Services,16,Partnership,Small,Semi-Urban,599,15.007649193193128,25.200565747663823,160,0.14784724021697104,26,74.77309829773236,43.204263957907706,4,55,57,49,High
MSME_365,Renewable Energy,6,Sole Proprietorship,Medium,Semi-Urban,86,24.53187444577932,10.401284125292179,59,0.6486318897388751,78,72.09827703544548,12.421393831804656,5,90,71,91,High
MSME_366,Renewable Energy,17,Partnership,Medium,Rural,518,5.8017645523140144,16.665194617430394,119,0.3000308272148942,136,61.456612907858656,7.29347494185511,5,80,92,52,Moderate
MSME_367,Pharmaceuticals,5,Partnership,Small,Rural,450,18.105795067223983,25.418080063963615,182,0.4029368157194839,27,59.53224062645969,74.67505796894619,4,76,42,80,High
MSME_368,Services,5,Sole Proprietorship,Small,Rural,263,15.473633357353744,6.6846138696380635,137,0.5798107182553311,123,42.48870539603883,87.91149355448276,1,79,41,92,Moderate
MSME_369,Retail,6,Sole Proprietorship,Small,Urban,779,15.489019120340261,14.684814641716482,174,0.33271931000409843,74,51.98497895386074,36.42525574466928,4,48,72,85,Moderate
MSME_370,Renewable Energy,3,Pvt Ltd,Medium,Semi-Urban,329,18.04642443296173,26.29603092184869,22,0.13960995930270095,88,40.83472852577548,7.888485257518795,1,44,81,89,Moderate
MSME_371,Technology,5,Pvt Ltd,Medium,Semi-Urban,272,23.381189226140737,15.097446604253093,148,0.3617447329089696,105,71.97794080701112,5.923058462151883,2,81,58,54,Moderate
MSME_372,Textiles,5,Sole Proprietorship,Micro,Rural,606,19.999384616580773,6.940366118286022,12,0.7611140078860125,88,45.821927973284986,80.21863857242688,1,96,56,81,Moderate
MSME_373,Services,10,Sole Proprietorship,Micro,Semi-Urban,667,3.29113037857283,18.563359213306285,100,0.5492140781089908,32,88.01606667163438,41.74328247549119,2,41,83,95,Moderate
MSME_374,Textiles,10,Pvt Ltd,Small,Semi-Urban,563,21.612744457141357,26.543562372957386,160,0.5700354040670449,140,68.77286613834409,28.802458490615273,2,48,72,46,High
MSME_375,Manufacturing,19,Partnership,Medium,Rural,383,7.18745058829185,19.757138573828993,23,0.542597507546348,5,78.48294499822896,42.88151441154596,1,82,51,79,Moderate
MSME_376,Technology,17,Sole Proprietorship,Medium,Urban,646,10.669025788936555,10.656977705355796,107,0.23929449727160576,67,62.597140051227306,28.64736852231126,3,75,88,67,Moderate
MSME_377,Technology,14,Pvt Ltd,Medium,Urban,176,12.61985471308479,14.605990503434533,10,0.3928337048715961,26,70.83188949505768,44.0132197776858,1,61,95,71,Moderate
MSME_378,Manufacturing,9,Partnership,Small,Urban,762,13.060838017320602,16.253084029548305,16,0.6256578588543228,74,91.84625473316467,77.36007572261431,5,61,42,74,High
MSME_379,Services,14,Sole Proprietorship,Micro,Rural,468,12.009149182873205,19.48165884551317,195,0.1709610282872114,129,44.55037217930189,53.30712339558861,5,61,82,54,High
MSME_380,Manufacturing,1,Partnership,Small,Semi-Urban,289,23.559125766964883,23.983775643815328,174,0.2944969432627986,100,53.96657745580329,62.518839552915786,3,73,88,87,High
MSME_381,Textiles,19,Pvt Ltd,Micro,Rural,709,18.238437176272566,7.471840441015885,24,0.2934233759260976,83,82.89935798007994,32.82036086109029,2,94,94,75,Moderate
MSME_382,Pharmaceuticals,13,Sole Proprietorship,Micro,Rural,311,16.51692485700425,27.241300825439158,93,0.4024132493161542,9,45.43054637854662,66.46552906594668,3,68,65,60,High
MSME_383,Technology,13,Partnership,Small,Semi-Urban,540,3.1463666390076557,5.30774257540189,20,0.7862581186595295,64,44.1613607147261,59.99553763914351,5,77,74,45,Moderate
MSME_384,Agri-Tech,4,Sole Proprietorship,Micro,Urban,589,22.79000659598862,14.251308366856382,83,0.14725178267867536,124,59.88477693147212,10.76057979768508,3,98,47,40,Moderate
MSME_385,Agri-Tech,1,Partnership,Micro,Urban,227,22.915974416193112,5.685507749316441,139,0.4630906960664165,50,45.069237715983775,51.53785678040261,1,85,91,43,Moderate
MSME_386,Textiles,17,Pvt Ltd,Medium,Rural,111,19.944900458892352,14.824355633632281,36,0.22555527740854733,138,72.17931432134117,23.106914667878222,3,72,75,50,Moderate
MSME_387,Retail,8,Pvt Ltd,Micro,Urban,563,2.1616716877132407,18.145314971833095,41,0.7794735817868209,60,52.44513879491299,72.36861026702336,2,57,92,83,Moderate
MSME_388,Renewable Energy,2,Sole Proprietorship,Small,Rural,297,3.3174457747853374,17.792034664537795,144,0.17931245330922496,114,89.26338797596549,38.334393762024554,1,46,93,65,Low
MSME_389,Manufacturing,8,Partnership,Small,Rural,176,7.180145152175264,9.140708675706634,100,0.3825207016531139,108,83.09250444648912,89.52157486768384,4,40,46,76,Moderate
MSME_390,Manufacturing,7,Sole Proprietorship,Micro,Semi-Urban,630,5.021036387332854,21.143512752390308,47,0.6165194893842244,81,78.4837863354712,8.32503941450674,5,72,85,62,Moderate
MSME_391,Retail,2,Sole Proprietorship,Medium,Semi-Urban,45,11.173228683185776,6.1194612626167055,102,0.5931880996192117,6,73.9319215061476,70.23130764661427,5,40,85,68,Moderate
MSME_392,Retail,3,Partnership,Medium,Semi-Urban,753,23.220330336019163,24.047670503310385,27,0.3959100458257526,12,87.4906151687805,60.63315601879408,3,63,75,60,High
MSME_393,Textiles,18,Partnership,Micro,Rural,750,12.857389986530961,28.666110849838656,40,0.34256691756690283,79,52.26841338485163,69.07489475316349,1,43,55,87,Moderate
MSME_394,Textiles,12,Partnership,Micro,Semi-Urban,362,2.308260407939809,13.494220678777948,98,0.37832866498700946,129,88.02098635203251,27.67768159414107,4,43,63,84,Moderate
MSME_395,Retail,1,Pvt Ltd,Small,Urban,685,8.503150860311525,17.930984542858297,46,0.28499338421104753,42,83.42207641332288,44.28490404441605,1,57,93,84,Moderate
MSME_396,Technology,12,Sole Proprietorship,Micro,Urban,82,3.025682892578115,14.472756951470359,145,0.24373305709475987,31,81.1488454513227,71.68576677513376,5,66,40,88,Moderate
MSME_397,Textiles,5,Sole Proprietorship,Medium,Rural,657,2.8346153201105495,5.167759757601499,104,0.438127788291223,24,70.86906229412082,20.928719845876948,1,82,88,66,Low
MSME_398,Pharmaceuticals,17,Pvt Ltd,Micro,Rural,362,8.341556621197702,14.646862572377898,123,0.28797362924732517,144,53.543428853383006,20.342987710978687,4,98,64,78,Moderate
MSME_399,Textiles,16,Partnership,Small,Semi-Urban,79,8.339083789615746,24.793006481533663,198,0.3012231654280751,47,63.295135379554296,49.59458579654391,3,71,49,79,Moderate
MSME_400,Manufacturing,15,Pvt Ltd,Small,Rural,434,20.10391185983689,19.899721054587047,12,0.55972924443219,35,83.64638599963409,47.12072215768702,2,72,93,52,Moderate
MSME_500,Agri-Tech,150.0,12.0,18.0,2,5.0,20,42,35,35,Moderate
MSME_450,Pharmaceuticals,150.0,12.0,18.0,3,5.0,20,70,65,69,Moderate
